text,text_clean,true_label,predicted_label,true_sentiment,predicted_sentiment
The company said that sales in the three months to the end of March slid to EUR86 .4 m US$ 113.4 m from EUR91 .2 m last year .,the company said that sales in the three months to the end of march slid to eur86 .4 m us$ 113.4 m from eur91 .2 m last year .,0,2,negative,positive
"The sale will result in a capital loss of EUR5m for Solidium , which obtained Tikkurila shares in March 2010 .","the sale will result in a capital loss of eur5m for solidium , which obtained tikkurila shares in march 2010 .",0,1,negative,neutral
"Fiskars , the World 's  1 Scissors Brand TM , recently won Learning -« Magazine 's 2011 Teachers ' Choice Award for the Classroom .","fiskars , the world 's 1 scissors brand tm , recently won learning -« magazine 's 2011 teachers ' choice award for the classroom .",2,1,positive,neutral
Nokia Messaging 1.1 enables customers to receive e-mails from up to 10 e-mail accounts on their mobile phone supporting all POP or IMAP e-mail services .,nokia messaging 1.1 enables customers to receive e-mails from up to 10 e-mail accounts on their mobile phone supporting all pop or imap e-mail services .,1,2,neutral,positive
`` Those uncertainties cloud the long-term outlook . '',`` those uncertainties cloud the long-term outlook . '',0,2,negative,positive
"Changes in the market situation and tougher price competition have substantially reduced demand for bread packaging manufactured at the Kauhava plant , according to the company .","changes in the market situation and tougher price competition have substantially reduced demand for bread packaging manufactured at the kauhava plant , according to the company .",0,2,negative,positive
The robust growth was the result of the inclusion of clothing chain Lindex in the Group in December 2007 .,the robust growth was the result of the inclusion of clothing chain lindex in the group in december 2007 .,2,1,positive,neutral
`` The announced investment of the carmaker Hyundai for example sounds optimistically for us as of course new cars mean new tires . '',`` the announced investment of the carmaker hyundai for example sounds optimistically for us as of course new cars mean new tires . '',2,1,positive,neutral
` Very recommendable ' is the Nokian Z G2 according to the ` ADAC judgement ' in the latest summer tyre test of the German automobile association ADAC .,` very recommendable ' is the nokian z g2 according to the ` adac judgement ' in the latest summer tyre test of the german automobile association adac .,2,1,positive,neutral
Unit costs for flight operations fell by 6.4 percent .,unit costs for flight operations fell by 6.4 percent .,2,0,positive,negative
Finnlines estimated in its annual general meeting that 2008 will be financially a tough year due to large investments .,finnlines estimated in its annual general meeting that 2008 will be financially a tough year due to large investments .,0,1,negative,neutral
Both the net sales and operating profit were record high in the company 's history .,both the net sales and operating profit were record high in the company 's history .,2,1,positive,neutral
"Following the acquisition , Relacom will strengthen its presence in Finland , serving operators and office market with mobile and fixed networks construction , installation and maintenance services .","following the acquisition , relacom will strengthen its presence in finland , serving operators and office market with mobile and fixed networks construction , installation and maintenance services .",2,1,positive,neutral
"Many of the commercial vessels had got stuck in the narrow Bay of Bothnia , where the ice is thicker , and around the Aaland islands .","many of the commercial vessels had got stuck in the narrow bay of bothnia , where the ice is thicker , and around the aaland islands .",0,1,negative,neutral
Cash flow from operations in January-December 2008 was a negative EUR 18.1 mn compared to EUR 39.0 mn in the corresponding period in 2007 .,cash flow from operations in january-december 2008 was a negative eur 18.1 mn compared to eur 39.0 mn in the corresponding period in 2007 .,0,2,negative,positive
Neste Shipping is the most likely to remain Finnish as the oil sector and its transports are significant for emergency supply .,neste shipping is the most likely to remain finnish as the oil sector and its transports are significant for emergency supply .,1,2,neutral,positive
Loss for the period totalled EUR 15.6 mn compared to a profit of EUR 6.3 mn in 2008 .,loss for the period totalled eur 15.6 mn compared to a profit of eur 6.3 mn in 2008 .,0,2,negative,positive
"Finnish electronics contract maker Incap Oyj said on January 3 , 2008 it sold its manufacturing facilities in Helsinki to local real estate company Sponda Oyj for 5.3 mln euro ( $ 7.8 mln ) .","finnish electronics contract maker incap oyj said on january 3 , 2008 it sold its manufacturing facilities in helsinki to local real estate company sponda oyj for 5.3 mln euro ( $ 7.8 mln ) .",1,2,neutral,positive
The mill has long traditions and holds an established position in the markets .,the mill has long traditions and holds an established position in the markets .,2,1,positive,neutral
"Insurer Axa ( PAR : CS ) slid by 5.35 % to EUR 14.15 , after Citigroup and ING slashed their targets on the stock .","insurer axa ( par : cs ) slid by 5.35 % to eur 14.15 , after citigroup and ing slashed their targets on the stock .",0,2,negative,positive
"As a result , 12 people will be made redundant and a total of 67 persons are laid off temporarily .","as a result , 12 people will be made redundant and a total of 67 persons are laid off temporarily .",0,1,negative,neutral
The company is well positioned in Brazil and Uruguay .,the company is well positioned in brazil and uruguay .,2,1,positive,neutral
Relations with the City have been further damaged by comments from Mr Ashley criticising City investors and analysts as `` cry babies '' .,relations with the city have been further damaged by comments from mr ashley criticising city investors and analysts as `` cry babies '' .,0,2,negative,positive
"The contracts awarded to date , in connection with the system , amount to a total EUR 36 million .","the contracts awarded to date , in connection with the system , amount to a total eur 36 million .",1,2,neutral,positive
"Mika Stahlberg , VP F-Secure Labs , said , `` We are excited and proud that F-Secure has been recognized by AV-Comparatives as the Product of the Year .","mika stahlberg , vp f-secure labs , said , `` we are excited and proud that f-secure has been recognized by av-comparatives as the product of the year .",2,1,positive,neutral
Rivals say Qualcomm has fewer patents on 3G phones than on earlier versions and should lower its rates .,rivals say qualcomm has fewer patents on 3g phones than on earlier versions and should lower its rates .,0,1,negative,neutral
"Combining the two producers will create a strong EU-based fertilizer industry capable of meeting global competition , they added .","combining the two producers will create a strong eu-based fertilizer industry capable of meeting global competition , they added .",2,1,positive,neutral
"In China , Finnish Kone that provides elevators , escalators , and solutions for modernisation and maintenance will build 342 escalators that will be installed in a high-speed railway section between Beijing and Shanghai in a 1.5 years ' time .","in china , finnish kone that provides elevators , escalators , and solutions for modernisation and maintenance will build 342 escalators that will be installed in a high-speed railway section between beijing and shanghai in a 1.5 years ' time .",2,1,positive,neutral
Lean System supports change management and component purchasing extremely well .,lean system supports change management and component purchasing extremely well .,2,1,positive,neutral
"A corresponding increase of 85,432.50 euros in Ahlstrom 's share capital has been entered in the Trade Register today .","a corresponding increase of 85,432.50 euros in ahlstrom 's share capital has been entered in the trade register today .",1,2,neutral,positive
"According to ACNielsen 's ScanTrack study for the period week 10 of 2005 to week 9 of 2006 , Coca-Cola is the market leader in soft drinks in Finland .","according to acnielsen 's scantrack study for the period week 10 of 2005 to week 9 of 2006 , coca-cola is the market leader in soft drinks in finland .",2,1,positive,neutral
The aim is an annual improvement in Ruukki Construction 's operating profit of more than EUR 3 million USD 4.1 m starting in 2009 .,the aim is an annual improvement in ruukki construction 's operating profit of more than eur 3 million usd 4.1 m starting in 2009 .,2,1,positive,neutral
"According to Kesko , the company agreed with the city administration about lease of the building in 2006 , its resettlement and construction of a five-star hotel Hilton for 120 rooms .","according to kesko , the company agreed with the city administration about lease of the building in 2006 , its resettlement and construction of a five-star hotel hilton for 120 rooms .",2,1,positive,neutral
"The launch of the plant in June went well , and it has been producing the advanced fuel for a couple of weeks .","the launch of the plant in june went well , and it has been producing the advanced fuel for a couple of weeks .",2,1,positive,neutral
"From 2003 on , the emphasis of Kyro 's strategy has been on Glaston 's growth .","from 2003 on , the emphasis of kyro 's strategy has been on glaston 's growth .",1,2,neutral,positive
The company expects its net sales for the whole 2009 to remain below the 2008 level .,the company expects its net sales for the whole 2009 to remain below the 2008 level .,0,1,negative,neutral
"`` After the share purchase is completed , financing will also be provided to expand Latvia 's broadband infrastructure and to develop new areas of business , including acquisitions of other companies . ''","`` after the share purchase is completed , financing will also be provided to expand latvia 's broadband infrastructure and to develop new areas of business , including acquisitions of other companies . ''",2,1,positive,neutral
The company reported today an operating loss of EUR0 .1 m on net sales of EUR4 .5 m for the first quarter 2008 .,the company reported today an operating loss of eur0 .1 m on net sales of eur4 .5 m for the first quarter 2008 .,0,1,negative,neutral
And U.S. energy executives say high steel prices are threatening energy exploration .,and u.s. energy executives say high steel prices are threatening energy exploration .,0,1,negative,neutral
"HELSINKI (Thomson Financial)- Kemira GrowHow swung into profit in its first quarter earnings on improved sales , especially in its fertilizer business in Europe , which is normally stronger during the first quarter .","helsinki (thomson financial)- kemira growhow swung into profit in its first quarter earnings on improved sales , especially in its fertilizer business in europe , which is normally stronger during the first quarter .",2,1,positive,neutral
Pohjola and cooperative banks have continued to combine their branch office network .,pohjola and cooperative banks have continued to combine their branch office network .,1,2,neutral,positive
"Nordic banks have already had to write off sizable loans in Latvia , with Swedbank , Nordea , DnB NOR and SEB reporting combined losses in excess of $ 1.35 billion in the period 2007 to 2010 against a backdrop of near economic meltdown in Latvia .","nordic banks have already had to write off sizable loans in latvia , with swedbank , nordea , dnb nor and seb reporting combined losses in excess of $ 1.35 billion in the period 2007 to 2010 against a backdrop of near economic meltdown in latvia .",0,1,negative,neutral
"According to Saarioinen 's Managing Director Ilkka M+ñkel+ñ , the food industry sector has a significant excess of production machinery .","according to saarioinen 's managing director ilkka m+ñkel+ñ , the food industry sector has a significant excess of production machinery .",1,2,neutral,positive
"`` Overall , we 're pleased with the startup curve ... and we 're pleased with the quality of the paper , '' Stora spokeswoman Patricia Dietz said Tuesday .","`` overall , we 're pleased with the startup curve ... and we 're pleased with the quality of the paper , '' stora spokeswoman patricia dietz said tuesday .",2,1,positive,neutral
According to Deputy MD Pekka Silvennoinen the aim is double turnover over the next three years .,according to deputy md pekka silvennoinen the aim is double turnover over the next three years .,2,1,positive,neutral
"For the fiscal year ending September 30 , 2009 the revenue from these customers was $ 10.012 million or around 11.0 % of the transportation group 's revenue .","for the fiscal year ending september 30 , 2009 the revenue from these customers was $ 10.012 million or around 11.0 % of the transportation group 's revenue .",1,0,neutral,negative
"HELSINKI Thomson Financial - Shares closed little changed , with Cargotec and Huhtamaki dropping sharply on disappointing second-quarter reports .","helsinki thomson financial - shares closed little changed , with cargotec and huhtamaki dropping sharply on disappointing second-quarter reports .",0,1,negative,neutral
"According to Scanfil , demand for telecommunications network products has fluctuated significantly in the third quarter of 2006 , and the situation is expected to remain unstable for the rest of the year .","according to scanfil , demand for telecommunications network products has fluctuated significantly in the third quarter of 2006 , and the situation is expected to remain unstable for the rest of the year .",0,2,negative,positive
"Kiosk and cinema operations have suffered , in particular .","kiosk and cinema operations have suffered , in particular .",0,1,negative,neutral
The company will make its marketing and sales investments initiated in 2009 even more efficient in 2010 .,the company will make its marketing and sales investments initiated in 2009 even more efficient in 2010 .,2,1,positive,neutral
"Of this , EUR 38.8 mn was net interest income .","of this , eur 38.8 mn was net interest income .",1,2,neutral,positive
"`` We have analyzed Kaupthing Bank Sweden and found a business which fits well into Alandsbanken , '' said Alandsbanken 's chief executive Peter Wiklof in a statement .","`` we have analyzed kaupthing bank sweden and found a business which fits well into alandsbanken , '' said alandsbanken 's chief executive peter wiklof in a statement .",2,1,positive,neutral
"ADP News - Apr 22 , 2009 - Finnish business information systems developer Solteq Oyj HEL : STQ1V said today its net loss widened to EUR 189,000 USD 245,000 for the first quarter of 2009 from EUR 10,000 for the same peri","adp news - apr 22 , 2009 - finnish business information systems developer solteq oyj hel : stq1v said today its net loss widened to eur 189,000 usd 245,000 for the first quarter of 2009 from eur 10,000 for the same peri",0,2,negative,positive
Sports equipment sales also progressed well owing to the prolonged winter season .,sports equipment sales also progressed well owing to the prolonged winter season .,2,1,positive,neutral
"Via the takeover , Panostaja further expands its business area specialising in digital printing , which since previously consists of the subsidiaries Kopijyva Oy and Sokonet Oy .","via the takeover , panostaja further expands its business area specialising in digital printing , which since previously consists of the subsidiaries kopijyva oy and sokonet oy .",2,1,positive,neutral
"`` The change will optimize the operational efficiencies of our growing business , '' said Julia Prohaska , director of marketing communications for Fiskars .","`` the change will optimize the operational efficiencies of our growing business , '' said julia prohaska , director of marketing communications for fiskars .",2,1,positive,neutral
"The original name Componenta +àm+Ñl , as a subsidiary of the Finnish Componenta Group , has been changed to +àm+Ñl Components and the company has seen a 63 % growth in Q1 2010 , in comparison to Q1 2009 .","the original name componenta +àm+ñl , as a subsidiary of the finnish componenta group , has been changed to +àm+ñl components and the company has seen a 63 % growth in q1 2010 , in comparison to q1 2009 .",2,1,positive,neutral
"The 50-50 joint venture , to be called Nokia Siemens Networks , will be comprised of Nokia 's network business group and Siemens ' carrier-related operations , creating estimated synergies of 1.5 billion euros ( $ 1.9 billion ) by 2010 , Nokia said .","the 50-50 joint venture , to be called nokia siemens networks , will be comprised of nokia 's network business group and siemens ' carrier-related operations , creating estimated synergies of 1.5 billion euros ( $ 1.9 billion ) by 2010 , nokia said .",2,1,positive,neutral
EUR 152.4 mn of this was net interest income .,eur 152.4 mn of this was net interest income .,1,2,neutral,positive
Pharmaceuticals group Orion Corp reported a fall in its third-quarter earnings that were hit by larger expenditures on R&D and marketing .,pharmaceuticals group orion corp reported a fall in its third-quarter earnings that were hit by larger expenditures on r&d and marketing .,0,1,negative,neutral
More staff has been recruited in Japan to further complement its network of close to 50 service locations in more than 20 countries worldwide .,more staff has been recruited in japan to further complement its network of close to 50 service locations in more than 20 countries worldwide .,2,1,positive,neutral
"As with other stakeholders , COMPTEL has been involved in the workshops , meetings and filed comments on the issues of greatest importance to the competitive sector of our industry .","as with other stakeholders , comptel has been involved in the workshops , meetings and filed comments on the issues of greatest importance to the competitive sector of our industry .",1,2,neutral,positive
"According to CEO Matti Perkonoja of the parent company HKScan , the company 's performance in the first quarter of 2010 has remained clearly below the level of the corresponding period in 2009 .","according to ceo matti perkonoja of the parent company hkscan , the company 's performance in the first quarter of 2010 has remained clearly below the level of the corresponding period in 2009 .",0,2,negative,positive
Satama 's net sales would be higher than the year before .,satama 's net sales would be higher than the year before .,2,0,positive,negative
"Belarus OAO Lidskoe Pivo brewery , based in the Grodno Region , reported a 1.1 % decrease in output to 1.045 million decaliters in January-March 2010 , a representative in the administration of the company told .","belarus oao lidskoe pivo brewery , based in the grodno region , reported a 1.1 % decrease in output to 1.045 million decaliters in january-march 2010 , a representative in the administration of the company told .",0,1,negative,neutral
"In 2009 , Stora Enso 's net loss was EUR 879.7 million compared to EUR 673.4 million in the previous year .","in 2009 , stora enso 's net loss was eur 879.7 million compared to eur 673.4 million in the previous year .",0,2,negative,positive
"The podcast , sees Harple provide the low-down on GyPSii 's platform , which takes someone 's location and demographic information to produce a contextual index of the world around them .","the podcast , sees harple provide the low-down on gypsii 's platform , which takes someone 's location and demographic information to produce a contextual index of the world around them .",1,0,neutral,negative
"The planned facility , estimated to cost around $ 814 million , would be the largest biodiesel plant in the world , and use palm oil certified by the Roundtable on Sustainable Palm Oil ( RSPO ) .","the planned facility , estimated to cost around $ 814 million , would be the largest biodiesel plant in the world , and use palm oil certified by the roundtable on sustainable palm oil ( rspo ) .",2,1,positive,neutral
"Fiskars has a strong portfolio of international brands , which include Fiskars , Iittala , Gerber , Silva and Buster .","fiskars has a strong portfolio of international brands , which include fiskars , iittala , gerber , silva and buster .",2,1,positive,neutral
"Strongest growth was seen in the new markets in Russia , the Czech Republic , and Slovakia .","strongest growth was seen in the new markets in russia , the czech republic , and slovakia .",2,1,positive,neutral
"MD Henning Bahr of Stockmann Gruppen praises the trend , since the chains become stronger and their decision-making processes more clear .","md henning bahr of stockmann gruppen praises the trend , since the chains become stronger and their decision-making processes more clear .",2,1,positive,neutral
Operating profit was EUR 1.6 mn in 2005 compared to EUR 5.9 mn in 2004 .,operating profit was eur 1.6 mn in 2005 compared to eur 5.9 mn in 2004 .,0,2,negative,positive
South African Sappi will become the largest foreign forest industry company operating in Finland as a result of the acquisition Finnish M-real Corporation 's Graphic Papers Business unit .,south african sappi will become the largest foreign forest industry company operating in finland as a result of the acquisition finnish m-real corporation 's graphic papers business unit .,2,1,positive,neutral
The EUR 0.7 million non-recurring expenses have been recorded for the third quarter .,the eur 0.7 million non-recurring expenses have been recorded for the third quarter .,1,2,neutral,positive
"Incap Contract Manufacturing Services Pvt Ltd , a subsidiary of Incap Corporation of Finland , plans to double its revenues by 2007-2008 .","incap contract manufacturing services pvt ltd , a subsidiary of incap corporation of finland , plans to double its revenues by 2007-2008 .",2,1,positive,neutral
The company is also featured in the Ethibel Pioneer Investment Register and included in Innovest 's Global 100 list of the world 's most sustainable corporations .,the company is also featured in the ethibel pioneer investment register and included in innovest 's global 100 list of the world 's most sustainable corporations .,2,1,positive,neutral
"Luxembourg-registered investment fund Amber Trust II has won the final approval of Lithuania 's Competition Council to acquire 29.6 percent of Sanitas , the country 's largest pharmaceutical producer .","luxembourg-registered investment fund amber trust ii has won the final approval of lithuania 's competition council to acquire 29.6 percent of sanitas , the country 's largest pharmaceutical producer .",2,1,positive,neutral
Finnish Bore that is owned by the Rettig family has grown recently through the acquisition of smaller shipping companies .,finnish bore that is owned by the rettig family has grown recently through the acquisition of smaller shipping companies .,2,1,positive,neutral
Finnish developer and manufacturer of mobile phone chargers Salcomp Plc OMX Helsinki : SAL1V on Wednesday 19 November lowered its full-year net sales estimate .,finnish developer and manufacturer of mobile phone chargers salcomp plc omx helsinki : sal1v on wednesday 19 november lowered its full-year net sales estimate .,0,1,negative,neutral
"At 1411 CET , ArcelorMittal had lost 7.26 % to EUR 17.38 on Euronext Paris , coming at the lead of the blue-chip fallers .","at 1411 cet , arcelormittal had lost 7.26 % to eur 17.38 on euronext paris , coming at the lead of the blue-chip fallers .",0,1,negative,neutral
"Agricultural newspaper Maaseudun Tulevaisuus had 318,000 readers , representing a decrease of 6 % .","agricultural newspaper maaseudun tulevaisuus had 318,000 readers , representing a decrease of 6 % .",0,1,negative,neutral
"Uncertainties still exist , however .","uncertainties still exist , however .",1,2,neutral,positive
"The company is in the process of building a new fleet and has placed orders for 10 P-Max tankers of 65,200 dwt .","the company is in the process of building a new fleet and has placed orders for 10 p-max tankers of 65,200 dwt .",2,1,positive,neutral
"The Baltimore Police and Fire Pension , which has about $ 1.5 billion , lost about $ 3.5 million in Madoff Ponzi scheme .","the baltimore police and fire pension , which has about $ 1.5 billion , lost about $ 3.5 million in madoff ponzi scheme .",0,1,negative,neutral
"VDW combined with LXE devices enhances productivity , enabling workers to use a single device to perform voice , scanning and keyboard functions .","vdw combined with lxe devices enhances productivity , enabling workers to use a single device to perform voice , scanning and keyboard functions .",2,1,positive,neutral
The increase range will vary up to 10 % .,the increase range will vary up to 10 % .,1,2,neutral,positive
"To showcase our end-to-end capabilities at the Mobile World Congress , we arranged an internal MeeGo application development competition to entice developers to create new applications .","to showcase our end-to-end capabilities at the mobile world congress , we arranged an internal meego application development competition to entice developers to create new applications .",1,2,neutral,positive
Airbus will attempt to evacuate up to 873 people within 90 seconds .,airbus will attempt to evacuate up to 873 people within 90 seconds .,1,2,neutral,positive
Acquisitions have been made and businesses have been well integrated .,acquisitions have been made and businesses have been well integrated .,2,1,positive,neutral
"Finnish power supply solutions and systems provider Efore Oyj said its net loss widened to 3.2 mln euro $ 4.2 mln for the first quarter of fiscal 2006-2007 ending October 31 , 2007 from 900,000 euro $ 1.2 mln for the same period of fiscal 2005-06 .","finnish power supply solutions and systems provider efore oyj said its net loss widened to 3.2 mln euro $ 4.2 mln for the first quarter of fiscal 2006-2007 ending october 31 , 2007 from 900,000 euro $ 1.2 mln for the same period of fiscal 2005-06 .",0,2,negative,positive
"`` Small firms are suffering at the moment because they are likely to have money trouble , '' he added .","`` small firms are suffering at the moment because they are likely to have money trouble , '' he added .",0,1,negative,neutral
"The airline has ordered nine Airbus A350-900 aircraft with deliveries from 2011 , and in doing so becomes the lead airline for the latest variant of Rolls-Royce Trent series engines , called the 1700 .","the airline has ordered nine airbus a350-900 aircraft with deliveries from 2011 , and in doing so becomes the lead airline for the latest variant of rolls-royce trent series engines , called the 1700 .",2,1,positive,neutral
Okmetic has used the furnaces for the contract manufacturing of solar crystals .,okmetic has used the furnaces for the contract manufacturing of solar crystals .,1,2,neutral,positive
Finnish food company Raisio Oyj HEL : RAIVV said on Friday it has wrapped up the divestment of its margarine operations to US sector player Bunge Ltd NYSE : BG for EUR80m USD119 .2 m .,finnish food company raisio oyj hel : raivv said on friday it has wrapped up the divestment of its margarine operations to us sector player bunge ltd nyse : bg for eur80m usd119 .2 m .,1,2,neutral,positive
NORDIC BUSINESS REPORT-26 June 2006-Metso Corporation wins EUR50m equipment order in Australia -® 1998-2006 M2 COMMUNICATIONS LTD The Finnish engineering and technology group Metso Corporation said on Monday ( 26 June ) that it has received a EUR50m equipment order in Australia .,nordic business report-26 june 2006-metso corporation wins eur50m equipment order in australia -® 1998-2006 m2 communications ltd the finnish engineering and technology group metso corporation said on monday ( 26 june ) that it has received a eur50m equipment order in australia .,2,1,positive,neutral
"The contracts of the employees , 96 of whom are blue-collar workers , will be ended between March and August 2011 .","the contracts of the employees , 96 of whom are blue-collar workers , will be ended between march and august 2011 .",0,1,negative,neutral
